,type,Block,Number,Paired,Pvalue,FDR,Enrich_median,Enrich_rank,g0_occurence,g1_occurence,median_all,g0_median,g1_median,g0_rank,g1_rank,Odds Ratio (95% CI)
1,s__Enorma_massiliensis,g0_vs_g1,g045_vs_g144,89,0.00286944,0.424953375,g1,g1,0.3556,0.5909,0,0,0.000765,37.53,52.64,1.1 (1.3;0.9)
2,s__Coprobacter_fastidiosus,g0_vs_g1,g045_vs_g144,89,0.00739628,0.424953375,No significance,g0,0.2444,0.0455,0,0,0,49.47,40.43,0.92 (0.75;1.1)
3,s__Hungatella_hathewayi,g0_vs_g1,g045_vs_g144,89,0.0084198,0.424953375,g0,g0,0.7778,0.6591,0.00246,0.0073,0.00121,52.07,37.77,0.95 (0.85;1)
4,s__Eubacterium_rectale,g0_vs_g1,g045_vs_g144,89,0.00885577,0.424953375,g1,g1,0.5778,0.8182,1.265,0.222,2.209,38,52.16,1.1 (1.2;0.93)
5,s__Bacteroides_faecichinchillae,g0_vs_g1,g045_vs_g144,89,0.016434,0.424953375,No significance,g1,0.1111,0.3182,0,0,0,40.33,49.77,1.1 (1.3;0.91)
6,s__Intestinibacter_bartlettii,g0_vs_g1,g045_vs_g144,89,0.01732,0.424953375,g1,g1,0.6667,0.8182,0.00661,0.00232,0.01966,38.6,51.55,1.1 (1.2;0.95)
7,s__Blautia_hansenii,g0_vs_g1,g045_vs_g144,89,0.0177639,0.424953375,No significance,g0,0.3111,0.1136,0,0,0,49.61,40.28,0.93 (0.8;1.1)
8,s__Clostridium_perfringens,g0_vs_g1,g045_vs_g144,89,0.0182446,0.424953375,No significance,g1,0.1778,0.3864,0,0,0,39.92,50.19,1.1 (1.2;0.93)
9,s__Clostridium_aldenense,g0_vs_g1,g045_vs_g144,89,0.0190191,0.424953375,g0,g0,0.6,0.5227,0.00044,0.0016,0.00018,51.09,38.77,0.92 (0.77;1.1)
10,s__Erysipelatoclostridium_ramosum,g0_vs_g1,g045_vs_g144,89,0.0192048,0.424953375,g0,g0,0.5778,0.3636,0,0.00168,0,50.87,39,0.96 (0.88;1)
11,s__Anaerotruncus_colihominis,g0_vs_g1,g045_vs_g144,89,0.0197829,0.424953375,g1,g1,0.6,0.7955,0.00293,0.00195,0.00517,38.77,51.38,1.1 (1.2;0.95)
12,s__Intestinimonas_butyriciproducens,g0_vs_g1,g045_vs_g144,89,0.0203054,0.424953375,g1,g1,0.5111,0.75,0.00299,0.00051,0.00997,38.87,51.27,1 (1.1;0.96)
13,s__Blautia_coccoides,g0_vs_g1,g045_vs_g144,89,0.0204474,0.424953375,No significance,g0,0.2,0.0455,0,0,0,48.6,41.32,0.86 (0.57;1.2)
14,s__Sharpea_azabuensis,g0_vs_g1,g045_vs_g144,89,0.0216986,0.424953375,No significance,g1,0.2222,0.4545,0,0,0,39.76,50.36,1.1 (1.2;0.94)
15,s__Collinsella_aerofaciens,g0_vs_g1,g045_vs_g144,89,0.0257892,0.424953375,g1,g1,0.6667,0.7955,0.2815,0.185,0.4397,39.01,51.12,1 (1.1;0.98)
16,s__Clostridium_sp_CAG_299,g0_vs_g1,g045_vs_g144,89,0.0284905,0.424953375,g1,g1,0.3333,0.6136,0,0,0.00741,39.51,50.61,1 (1.1;0.96)
17,s__Bacteroides_galacturonicus,g0_vs_g1,g045_vs_g144,89,0.029976,0.424953375,g1,g1,0.4,0.6136,0.00022,0,0.03834,39.48,50.65,1 (1.1;0.96)
18,s__Lachnospira_pectinoschiza,g0_vs_g1,g045_vs_g144,89,0.030182,0.424953375,g1,g1,0.3778,0.6136,0,0,0.4986,39.51,50.61,1 (1.1;0.97)
19,s__Adlercreutzia_equolifaciens,g0_vs_g1,g045_vs_g144,89,0.0301947,0.424953375,g1,g1,0.5333,0.7727,0.00515,0.00252,0.008265,39.24,50.89,1 (1.1;0.96)
20,s__Ruminococcus_gnavus,g0_vs_g1,g045_vs_g144,89,0.0309057,0.424953375,g0,g0,0.9111,0.7727,0.1262,0.1908,0.0784,50.84,39.02,0.95 (0.86;1)
21,s__Romboutsia_ilealis,g0_vs_g1,g045_vs_g144,89,0.0332046,0.42669375,g1,g1,0.5556,0.7727,0.00094,4e-04,0.00189,39.33,50.8,1.1 (1.2;0.94)
22,s__Bacteroides_vulgatus,g0_vs_g1,g045_vs_g144,89,0.0341355,0.42669375,g0,g0,0.9778,1,4.832,8.89,2.661,50.73,39.14,0.92 (0.76;1.1)
23,s__Bacteroides_ovatus,g0_vs_g1,g045_vs_g144,89,0.0370642,0.430647708333333,g0,g0,0.9778,1,0.6717,0.8214,0.5292,50.64,39.23,0.93 (0.79;1.1)
24,s__Eubacterium_sp_CAG_180,g0_vs_g1,g045_vs_g144,89,0.0375838,0.430647708333333,No significance,g1,0.2444,0.4545,0,0,0,40.2,49.91,1 (1.1;0.97)
25,s__Ruminococcus_callidus,g0_vs_g1,g045_vs_g144,89,0.0427124,0.4698364,No significance,g1,0.2667,0.4773,0,0,0,40.23,49.88,1 (1.1;0.97)
26,s__Phascolarctobacterium_succinatutens,g0_vs_g1,g045_vs_g144,89,0.0473666,0.500992884615385,No significance,g1,0.0444,0.1818,0,0,0,42.04,48.02,1.3 (1.7;0.81)
27,s__Clostridium_clostridioforme,g0_vs_g1,g045_vs_g144,89,0.0506901,0.516288055555556,No significance,No significance,0.5111,0.2955,0,0.00025,0,49.71,40.18,0.96 (0.88;1)
28,s__Rothia_mucilaginosa,g0_vs_g1,g045_vs_g144,89,0.0660403,0.633177068965517,No significance,No significance,0.4444,0.25,0,0,0,49.24,40.66,0.95 (0.86;1)
29,s__Oscillibacter_sp_CAG_241,g0_vs_g1,g045_vs_g144,89,0.0667714,0.633177068965517,No significance,No significance,0.5111,0.7045,0.00308,0.00015,0.006775,40.18,49.93,1 (1.1;0.97)
30,s__Turicibacter_sanguinis,g0_vs_g1,g045_vs_g144,89,0.0823904,0.688016463414634,No significance,No significance,0.3111,0.5,0,0,5e-05,40.81,49.28,1 (1.1;0.97)
31,s__Proteobacteria_bacterium_CAG_139,g0_vs_g1,g045_vs_g144,89,0.0855023,0.688016463414634,No significance,No significance,0.3333,0.5,0,0,8.5e-05,40.82,49.27,1 (1.1;0.97)
32,s__Bacteroides_dorei,g0_vs_g1,g045_vs_g144,89,0.0886065,0.688016463414634,No significance,No significance,0.9556,0.9773,0.1315,0.3183,0.0674,49.62,40.27,0.98 (0.93;1)
33,s__Roseburia_inulinivorans,g0_vs_g1,g045_vs_g144,89,0.0928095,0.688016463414634,No significance,No significance,0.8,0.9091,0.7344,0.6423,0.951,40.44,49.66,1 (1.1;0.97)
34,s__Lactobacillus_rogosae,g0_vs_g1,g045_vs_g144,89,0.0958742,0.688016463414634,No significance,No significance,0.5333,0.6364,0.00116,0.00011,0.02252,40.64,49.45,1 (1.1;0.97)
35,s__Citrobacter_portucalensis,g0_vs_g1,g045_vs_g144,89,0.0973599,0.688016463414634,No significance,No significance,0.0667,0.1818,0,0,0,42.42,47.64,1.1 (1.3;0.92)
36,s__.Collinsella._massiliensis,g0_vs_g1,g045_vs_g144,89,0.0983537,0.688016463414634,No significance,No significance,0.4,0.5455,0,0,0.00019,40.86,49.24,1.1 (1.3;0.92)
37,s__Firmicutes_bacterium_CAG_83,g0_vs_g1,g045_vs_g144,89,0.099054,0.688016463414634,No significance,No significance,0.6,0.75,0.03598,0.01613,0.09514,40.6,49.5,1 (1.1;0.97)
38,s__Prevotella_sp_CAG_279,g0_vs_g1,g045_vs_g144,89,0.100293,0.688016463414634,No significance,No significance,0.0667,0.1818,0,0,0,42.44,47.61,1.1 (1.3;0.91)
39,s__Prevotella_stercorea,g0_vs_g1,g045_vs_g144,89,0.100538,0.688016463414634,No significance,No significance,0.1111,0.2273,0,0,0,42.09,47.98,1.1 (1.3;0.91)
40,s__Asaccharobacter_celatus,g0_vs_g1,g045_vs_g144,89,0.101326,0.688016463414634,No significance,No significance,0.5111,0.7045,0.00143,0.00074,0.00323,40.69,49.41,1 (1.1;0.97)
41,s__Clostridium_sp_CAG_242,g0_vs_g1,g045_vs_g144,89,0.102577,0.688016463414634,No significance,No significance,0.3556,0.4773,0,0,0,41.03,49.06,1 (1.1;0.96)
42,s__Clostridium_leptum,g0_vs_g1,g045_vs_g144,89,0.112929,0.720795798319328,No significance,No significance,0.5111,0.6364,0.00182,0.00019,0.002775,40.87,49.23,1 (1.1;0.96)
43,s__Eubacterium_ventriosum,g0_vs_g1,g045_vs_g144,89,0.113912,0.720795798319328,No significance,No significance,0.6222,0.8182,0.03123,0.03086,0.04058,40.76,49.34,1 (1.1;0.97)
44,s__Tyzzerella_nexilis,g0_vs_g1,g045_vs_g144,89,0.117414,0.720795798319328,No significance,No significance,0.6,0.4545,0.00047,0.00475,0,49.02,40.89,0.97 (0.91;1)
45,s__Eubacterium_sp_CAG_251,g0_vs_g1,g045_vs_g144,89,0.126479,0.720795798319328,No significance,No significance,0.2,0.3409,0,0,0,41.76,48.32,1 (1.1;0.96)
46,s__Enterobacter_cloacae_complex,g0_vs_g1,g045_vs_g144,89,0.130962,0.720795798319328,No significance,No significance,0.1556,0.2955,0,0,0,42,48.07,1 (1.1;0.96)
47,s__Prevotella_sp_AM42_24,g0_vs_g1,g045_vs_g144,89,0.138118,0.720795798319328,No significance,No significance,0.0889,0.2045,0,0,0,42.52,47.53,1 (1.1;0.98)
48,s__Christensenella_minuta,g0_vs_g1,g045_vs_g144,89,0.141189,0.720795798319328,No significance,No significance,0.1333,0.25,0,0,0,42.26,47.81,1.1 (1.3;0.92)
49,s__Phascolarctobacterium_faecium,g0_vs_g1,g045_vs_g144,89,0.141751,0.720795798319328,No significance,No significance,0.7556,0.7273,0.1689,0.2899,0.07955,48.96,40.95,0.97 (0.92;1)
50,s__Blautia_wexlerae,g0_vs_g1,g045_vs_g144,89,0.143567,0.720795798319328,No significance,No significance,1,0.9773,0.4239,0.4977,0.3121,48.98,40.93,0.96 (0.87;1)
51,s__Veillonella_atypica,g0_vs_g1,g045_vs_g144,89,0.151719,0.720795798319328,No significance,No significance,0.4444,0.2727,0,0,0,48.34,41.58,0.97 (0.92;1)
52,s__Aeriscardovia_aeriphila,g0_vs_g1,g045_vs_g144,89,0.1532,0.720795798319328,No significance,No significance,0.1111,0.2273,0,0,0,42.47,47.59,1.1 (1.2;0.93)
53,s__Turicimonas_muris,g0_vs_g1,g045_vs_g144,89,0.156305,0.720795798319328,No significance,No significance,0.3111,0.4545,0,0,0,41.63,48.44,1 (1.1;0.97)
54,s__Bacteroides_xylanisolvens,g0_vs_g1,g045_vs_g144,89,0.162523,0.720795798319328,No significance,No significance,0.9778,1,0.3187,0.3523,0.2385,48.8,41.11,0.95 (0.86;1)
55,s__Clostridium_sp_CAG_58,g0_vs_g1,g045_vs_g144,89,0.166131,0.720795798319328,No significance,No significance,0.2889,0.4773,0,0,0,41.71,48.36,1 (1.1;0.97)
56,s__Flavonifractor_plautii,g0_vs_g1,g045_vs_g144,89,0.166747,0.720795798319328,No significance,No significance,1,0.9545,0.2075,0.2247,0.1661,48.76,41.16,0.96 (0.87;1)
57,s__Prevotella_sp_CAG_520,g0_vs_g1,g045_vs_g144,89,0.180171,0.720795798319328,No significance,No significance,0.1111,0.2273,0,0,0,42.62,47.43,1 (1;0.99)
58,s__Olsenella_scatoligenes,g0_vs_g1,g045_vs_g144,89,0.184235,0.720795798319328,No significance,No significance,0.1333,0.25,0,0,0,42.52,47.53,1 (1.1;0.98)
59,s__Anaeromassilibacillus_sp_An250,g0_vs_g1,g045_vs_g144,89,0.191466,0.720795798319328,No significance,No significance,0.2,0.3182,0,0,0,42.27,47.8,1 (1.1;0.97)
60,s__Ruminococcus_torques,g0_vs_g1,g045_vs_g144,89,0.193686,0.720795798319328,No significance,No significance,0.5333,0.6818,0.1446,0.04488,0.2086,41.58,48.5,1 (1.1;0.96)
61,s__Bacteroides_uniformis,g0_vs_g1,g045_vs_g144,89,0.196196,0.720795798319328,No significance,No significance,0.9556,1,3.78,5.221,2.515,48.51,41.41,0.98 (0.93;1)
62,s__Veillonella_sp_T11011_6,g0_vs_g1,g045_vs_g144,89,0.196508,0.720795798319328,No significance,No significance,0.4,0.2727,0,0,0,47.96,41.98,0.96 (0.89;1)
63,s__Roseburia_sp_CAG_303,g0_vs_g1,g045_vs_g144,89,0.197594,0.720795798319328,No significance,No significance,0.1111,0.2045,0,0,0,42.78,47.27,1 (1.1;0.96)
64,s__Citrobacter_youngae,g0_vs_g1,g045_vs_g144,89,0.201033,0.720795798319328,No significance,No significance,0.0889,0.1818,0,0,0,42.93,47.11,1.1 (1.2;0.93)
65,s__Veillonella_tobetsuensis,g0_vs_g1,g045_vs_g144,89,0.205946,0.720795798319328,No significance,No significance,0.1778,0.0909,0,0,0,47.04,42.91,0.89 (0.67;1.1)
66,s__Parabacteroides_distasonis,g0_vs_g1,g045_vs_g144,89,0.207793,0.720795798319328,No significance,No significance,0.9556,0.9773,0.9313,1.023,0.8494,48.42,41.5,0.95 (0.85;1)
67,s__Gordonibacter_pamelaeae,g0_vs_g1,g045_vs_g144,89,0.209893,0.720795798319328,No significance,No significance,0.9111,0.7727,0.0049,0.00718,0.002245,48.4,41.52,0.96 (0.89;1)
68,s__Clostridium_asparagiforme,g0_vs_g1,g045_vs_g144,89,0.213065,0.720795798319328,No significance,No significance,0.6667,0.6364,0.00283,0.00403,0.00077,48.31,41.61,0.96 (0.89;1)
69,s__Eggerthella_lenta,g0_vs_g1,g045_vs_g144,89,0.217983,0.720795798319328,No significance,No significance,0.8222,0.7727,0.01795,0.032,0.01009,48.33,41.59,0.98 (0.93;1)
70,s__Atopobium_deltae,g0_vs_g1,g045_vs_g144,89,0.218358,0.720795798319328,No significance,No significance,0.2222,0.3636,0,0,0,42.31,47.75,1 (1.1;0.97)
71,s__Gemmiger_formicilis,g0_vs_g1,g045_vs_g144,89,0.220291,0.720795798319328,No significance,No significance,0.6444,0.7727,0.04378,0.01331,0.06108,41.71,48.36,1 (1.1;0.97)
72,s__Clostridium_citroniae,g0_vs_g1,g045_vs_g144,89,0.224509,0.720795798319328,No significance,No significance,0.8222,0.7955,0.00839,0.01373,0.00746,48.29,41.64,0.97 (0.91;1)
73,s__Barnesiella_intestinihominis,g0_vs_g1,g045_vs_g144,89,0.224907,0.720795798319328,No significance,No significance,0.2667,0.4091,0,0,0,42.22,47.84,1 (1.1;0.98)
74,s__Klebsiella_quasivariicola,g0_vs_g1,g045_vs_g144,89,0.225229,0.720795798319328,No significance,No significance,0.1778,0.2955,0,0,0,42.54,47.51,1 (1.1;0.96)
75,s__Flavonifractor_sp_An100,g0_vs_g1,g045_vs_g144,89,0.226471,0.720795798319328,No significance,No significance,0.0889,0.1818,0,0,0,43.04,47,1 (1.1;0.97)
76,s__Clostridium_bolteae_CAG_59,g0_vs_g1,g045_vs_g144,89,0.229103,0.720795798319328,No significance,No significance,0.7111,0.6818,0.0032,0.0053,0.001665,48.22,41.7,0.98 (0.94;1)
77,s__Bacteroides_salyersiae,g0_vs_g1,g045_vs_g144,89,0.229686,0.720795798319328,No significance,No significance,0.3111,0.4773,0,0,0,42.12,47.94,1 (1.1;0.98)
78,s__Eubacterium_hallii,g0_vs_g1,g045_vs_g144,89,0.232045,0.720795798319328,No significance,No significance,0.8222,0.9318,0.162,0.1324,0.2012,41.76,48.32,1 (1.1;0.97)
79,s__Eubacterium_siraeum,g0_vs_g1,g045_vs_g144,89,0.236877,0.720795798319328,No significance,No significance,0.1333,0.2273,0,0,0,42.84,47.2,1 (1.1;0.98)
80,s__Roseburia_faecis,g0_vs_g1,g045_vs_g144,89,0.237844,0.720795798319328,No significance,No significance,0.8667,0.7955,1.033,1.78,0.9094,48.2,41.73,0.98 (0.94;1)
81,s__Alistipes_timonensis,g0_vs_g1,g045_vs_g144,89,0.24107,0.720795798319328,No significance,No significance,0.1333,0.25,0,0,0,42.81,47.24,1 (1;0.99)
82,s__Bifidobacterium_kashiwanohense,g0_vs_g1,g045_vs_g144,89,0.2413,0.720795798319328,No significance,No significance,0.6,0.4318,0.00014,0.00061,0,48,41.93,0.98 (0.95;1)
83,s__Desulfovibrio_piger,g0_vs_g1,g045_vs_g144,89,0.24173,0.720795798319328,No significance,No significance,0.2889,0.4318,0,0,0,42.27,47.8,1 (1.1;0.97)
84,s__Hungatella_effluvii,g0_vs_g1,g045_vs_g144,89,0.242789,0.720795798319328,No significance,No significance,0.1778,0.0909,0,0,0,46.89,43.07,0.96 (0.89;1)
85,s__Dorea_longicatena,g0_vs_g1,g045_vs_g144,89,0.244559,0.720795798319328,No significance,No significance,0.7111,0.8409,0.1841,0.1518,0.2019,41.86,48.22,1 (1.1;0.96)
86,s__Clostridium_scindens,g0_vs_g1,g045_vs_g144,89,0.245148,0.720795798319328,No significance,No significance,0.2667,0.1818,0,0,0,47.31,42.64,0.94 (0.82;1.1)
87,s__Blautia_producta,g0_vs_g1,g045_vs_g144,89,0.246736,0.720795798319328,No significance,No significance,0.2222,0.1364,0,0,0,47.11,42.84,0.95 (0.85;1.1)
88,s__Blautia_obeum,g0_vs_g1,g045_vs_g144,89,0.24801,0.720795798319328,No significance,No significance,0.8222,0.8636,0.1112,0.08051,0.1549,41.87,48.2,1 (1.1;0.97)
89,s__Harryflintia_acetispora,g0_vs_g1,g045_vs_g144,89,0.258789,0.720795798319328,No significance,No significance,0.1333,0.0682,0,0,0,46.61,43.35,0.86 (0.55;1.2)
90,s__Clostridium_innocuum,g0_vs_g1,g045_vs_g144,89,0.260388,0.720795798319328,No significance,No significance,0.7333,0.6364,0.00176,0.00336,0.00128,48.01,41.92,0.97 (0.92;1)
91,s__Catenibacterium_mitsuokai,g0_vs_g1,g045_vs_g144,89,0.262111,0.720795798319328,No significance,No significance,0.0667,0.1364,0,0,0,43.4,46.64,1.1 (1.2;0.93)
92,s__Ruminococcus_bromii,g0_vs_g1,g045_vs_g144,89,0.263148,0.720795798319328,No significance,No significance,0.4667,0.6591,0.03497,0,0.1452,42.09,47.98,1 (1.1;0.98)
93,s__Holdemania_filiformis,g0_vs_g1,g045_vs_g144,89,0.266332,0.720795798319328,No significance,No significance,0.4889,0.6818,0.00382,0,0.004805,42.09,47.98,1 (1.1;0.98)
94,s__Parvimonas_micra,g0_vs_g1,g045_vs_g144,89,0.268843,0.720795798319328,No significance,No significance,0.0667,0.1364,0,0,0,43.42,46.61,1.1 (1.2;0.93)
95,s__Ruminococcus_obeum_CAG_39,g0_vs_g1,g045_vs_g144,89,0.272361,0.720795798319328,No significance,No significance,0.8222,0.8636,0.09334,0.06853,0.14,42.02,48.05,1 (1.1;0.97)
96,s__Comamonas_kerstersii,g0_vs_g1,g045_vs_g144,89,0.275692,0.720795798319328,No significance,No significance,0.0667,0.1364,0,0,0,43.44,46.59,1 (1.1;0.95)
97,s__Klebsiella_quasipneumoniae,g0_vs_g1,g045_vs_g144,89,0.278276,0.720795798319328,No significance,No significance,0.5111,0.5682,0.00235,0.00075,0.002985,42.2,47.86,1 (1.1;0.97)
98,s__Bacteroides_thetaiotaomicron,g0_vs_g1,g045_vs_g144,89,0.282053,0.720795798319328,No significance,No significance,1,1,0.6482,0.6855,0.5398,47.93,42,0.96 (0.89;1)
99,s__Faecalicoccus_pleomorphus,g0_vs_g1,g045_vs_g144,89,0.28266,0.720795798319328,No significance,No significance,0.0667,0.1364,0,0,0,43.47,46.57,1.1 (1.2;0.94)
100,s__Collinsella_stercoris,g0_vs_g1,g045_vs_g144,89,0.285583,0.720795798319328,No significance,No significance,0.6889,0.7273,0.0029,0.00277,0.00334,42.13,47.93,1 (1.1;0.98)
101,s__Streptococcus_anginosus_group,g0_vs_g1,g045_vs_g144,89,0.285805,0.720795798319328,No significance,No significance,0.2667,0.4091,0,0,0,42.56,47.5,1 (1;0.98)
102,s__Megasphaera_micronuciformis,g0_vs_g1,g045_vs_g144,89,0.286188,0.720795798319328,No significance,No significance,0.1333,0.0682,0,0,0,46.52,43.44,0.9 (0.69;1.1)
103,s__Parabacteroides_gordonii,g0_vs_g1,g045_vs_g144,89,0.286415,0.720795798319328,No significance,No significance,0.2222,0.3182,0,0,0,42.73,47.32,1 (1.1;0.98)
104,s__Clostridium_bolteae,g0_vs_g1,g045_vs_g144,89,0.287674,0.720795798319328,No significance,No significance,0.8889,0.9091,0.01844,0.02023,0.01727,47.89,42.05,0.98 (0.94;1)
105,s__Alistipes_indistinctus,g0_vs_g1,g045_vs_g144,89,0.288943,0.720795798319328,No significance,No significance,0.6444,0.5227,0.0016,0.00501,0.00017,47.78,42.16,0.98 (0.94;1)
106,s__Catabacter_hongkongensis,g0_vs_g1,g045_vs_g144,89,0.290695,0.720795798319328,No significance,No significance,0.2889,0.2045,0,0,0,47.18,42.77,0.94 (0.81;1.1)
107,s__Coprococcus_catus,g0_vs_g1,g045_vs_g144,89,0.293688,0.720795798319328,No significance,No significance,0.3778,0.5455,0,0,0.01551,42.38,47.68,1 (1.1;0.97)
108,s__Streptococcus_parasanguinis,g0_vs_g1,g045_vs_g144,89,0.295572,0.720795798319328,No significance,No significance,0.7111,0.6136,0.00354,0.00544,0.002635,47.79,42.15,0.98 (0.94;1)
109,s__Methanosphaera_stadtmanae,g0_vs_g1,g045_vs_g144,89,0.29695,0.720795798319328,No significance,No significance,0.0667,0.1364,0,0,0,43.51,46.52,1 (1.1;0.98)
110,s__Akkermansia_muciniphila,g0_vs_g1,g045_vs_g144,89,0.297693,0.720795798319328,No significance,No significance,0.2444,0.3864,0,0,0,42.67,47.39,1 (1;0.99)
111,s__Candidatus_Stoquefichus_sp_KLE1796,g0_vs_g1,g045_vs_g144,89,0.300597,0.720795798319328,No significance,No significance,0.1333,0.0682,0,0,0,46.48,43.49,0.92 (0.76;1.1)
112,s__Clostridium_lavalense,g0_vs_g1,g045_vs_g144,89,0.30119,0.720795798319328,No significance,No significance,0.4667,0.4318,0,0,0,47.57,42.38,0.97 (0.91;1)
113,s__Parasutterella_excrementihominis,g0_vs_g1,g045_vs_g144,89,0.301493,0.720795798319328,No significance,No significance,0.5333,0.5909,0.00596,0.0017,0.00863,42.31,47.75,1 (1.1;0.98)
114,s__Citrobacter_freundii,g0_vs_g1,g045_vs_g144,89,0.302113,0.720795798319328,No significance,No significance,0.1333,0.2045,0,0,0,43.17,46.88,1.1 (1.2;0.93)
115,s__Lactonifactor_longoviformis,g0_vs_g1,g045_vs_g144,89,0.303266,0.720795798319328,No significance,No significance,0.2,0.1136,0,0,0,46.78,43.18,0.96 (0.89;1)
116,s__Lachnoclostridium_sp_An138,g0_vs_g1,g045_vs_g144,89,0.304274,0.720795798319328,No significance,No significance,0.0667,0.1364,0,0,0,43.53,46.5,1.1 (1.2;0.94)
117,s__Ruminococcaceae_bacterium_D5,g0_vs_g1,g045_vs_g144,89,0.30798,0.720795798319328,No significance,No significance,0.1333,0.0682,0,0,0,46.46,43.51,0.91 (0.74;1.1)
118,s__Coprococcus_eutactus,g0_vs_g1,g045_vs_g144,89,0.310941,0.720795798319328,No significance,No significance,0.2,0.2955,0,0,0,42.91,47.14,1 (1.1;0.98)
119,s__Klebsiella_variicola_CAG_634,g0_vs_g1,g045_vs_g144,89,0.311908,0.720795798319328,No significance,No significance,0.1333,0.2273,0,0,0,43.16,46.89,1 (1.1;0.98)
120,s__Ruminococcus_bicirculans,g0_vs_g1,g045_vs_g144,89,0.318519,0.729939375,No significance,No significance,0.4444,0.5909,0.00264,0,0.03776,42.44,47.61,1 (1.1;0.98)
121,s__Clostridium_disporicum,g0_vs_g1,g045_vs_g144,89,0.323036,0.734172727272727,No significance,No significance,0.1556,0.25,0,0,0,43.11,46.93,1 (1.1;0.98)
122,s__Streptococcus_sp_HMSC070B10,g0_vs_g1,g045_vs_g144,89,0.334758,0.750338617886179,No significance,No significance,0.0667,0.1364,0,0,0,43.62,46.41,0.98 (0.93;1)
123,s__Firmicutes_bacterium_CAG_95,g0_vs_g1,g045_vs_g144,89,0.335606,0.750338617886179,No significance,No significance,0.2222,0.3409,0,0,0,42.92,47.12,1 (1;0.99)
124,s__Streptococcus_cristatus,g0_vs_g1,g045_vs_g144,89,0.34668,0.765602182539682,No significance,No significance,0.1333,0.0682,0,0,0,46.34,43.62,0.96 (0.88;1)
125,s__Sutterella_parvirubra,g0_vs_g1,g045_vs_g144,89,0.348501,0.765602182539682,No significance,No significance,0.4444,0.5,0,0,0.00287,42.64,47.41,1 (1.1;0.97)
126,s__Megamonas_rupellensis,g0_vs_g1,g045_vs_g144,89,0.350785,0.765602182539682,No significance,No significance,0.2222,0.1591,0,0,0,46.74,43.22,0.96 (0.87;1)
127,s__Veillonella_infantium,g0_vs_g1,g045_vs_g144,89,0.357938,0.775062598425197,No significance,No significance,0.4444,0.3636,0,0,0,47.22,42.73,0.97 (0.91;1)
128,s__Streptococcus_sp_M334,g0_vs_g1,g045_vs_g144,89,0.364899,0.780283720930232,No significance,No significance,0.1333,0.2045,0,0,0,43.39,46.65,1 (1.1;0.97)
129,s__Gemella_morbillorum,g0_vs_g1,g045_vs_g144,89,0.366024,0.780283720930232,No significance,No significance,0.1778,0.2727,0,0,0,43.2,46.84,1 (1.1;0.96)
130,s__Enterorhabdus_caecimuris,g0_vs_g1,g045_vs_g144,89,0.372441,0.7865,No significance,No significance,0.2889,0.3864,0,0,0,42.96,47.09,1 (1.1;0.97)
131,s__Klebsiella_variicola,g0_vs_g1,g045_vs_g144,89,0.376239,0.7865,No significance,No significance,0.6,0.6136,0.00251,0.00231,0.003255,42.67,47.39,1 (1.1;0.97)
132,s__Prevotella_copri,g0_vs_g1,g045_vs_g144,89,0.37773,0.7865,No significance,No significance,0.4222,0.4545,0,0,0,42.82,47.23,1 (1;0.99)
133,s__Bacteroides_clarus,g0_vs_g1,g045_vs_g144,89,0.385906,0.7865,No significance,No significance,0.2889,0.3636,0,0,0,43.03,47.01,1 (1.1;0.98)
134,s__Alistipes_finegoldii,g0_vs_g1,g045_vs_g144,89,0.389003,0.7865,No significance,No significance,0.6667,0.7273,0.04392,0.02825,0.05401,42.69,47.36,1 (1;0.99)
135,s__Lawsonibacter_asaccharolyticus,g0_vs_g1,g045_vs_g144,89,0.397201,0.7865,No significance,No significance,0.5111,0.5682,0.0012,0.001,0.002745,42.81,47.24,1 (1.1;0.96)
136,s__Roseburia_hominis,g0_vs_g1,g045_vs_g144,89,0.398635,0.7865,No significance,No significance,0.7556,0.8636,0.0653,0.05905,0.06706,42.71,47.34,1 (1.1;0.98)
137,s__Streptococcus_australis,g0_vs_g1,g045_vs_g144,89,0.403917,0.7865,No significance,No significance,0.3111,0.3864,0,0,0,43.07,46.98,1 (1.1;0.97)
138,s__Oscillibacter_sp_57_20,g0_vs_g1,g045_vs_g144,89,0.40552,0.7865,No significance,No significance,0.5556,0.6818,0.03627,0.00523,0.0855,42.8,47.25,1 (1;0.98)
139,s__Bacteroides_sp_OM05_12,g0_vs_g1,g045_vs_g144,89,0.409785,0.7865,No significance,No significance,0.2,0.1364,0,0,0,46.47,43.5,0.97 (0.9;1)
140,s__Methanobrevibacter_smithii,g0_vs_g1,g045_vs_g144,89,0.411321,0.7865,No significance,No significance,0.1111,0.1818,0,0,0,43.62,46.41,1 (1;0.99)
141,s__Bacteroides_plebeius,g0_vs_g1,g045_vs_g144,89,0.413596,0.7865,No significance,No significance,0.4222,0.5455,0,0,0.1159,42.93,47.11,1 (1;0.99)
142,s__Eubacterium_eligens,g0_vs_g1,g045_vs_g144,89,0.413702,0.7865,No significance,No significance,0.6222,0.8182,0.3466,0.2538,0.3814,42.8,47.25,1 (1.1;0.98)
143,s__Bacteroides_finegoldii,g0_vs_g1,g045_vs_g144,89,0.416164,0.7865,No significance,No significance,0.4222,0.5227,0,0,0.00302,42.96,47.09,1 (1;0.98)
144,s__Clostridium_symbiosum,g0_vs_g1,g045_vs_g144,89,0.417336,0.7865,No significance,No significance,0.4667,0.5909,0.00087,0,0.001455,42.91,47.14,1 (1.1;0.98)
145,s__Streptococcus_mitis,g0_vs_g1,g045_vs_g144,89,0.417869,0.7865,No significance,No significance,0.6444,0.7045,0.0014,0.00122,0.001625,42.83,47.22,1 (1.1;0.97)
146,s__Klebsiella_pneumoniae,g0_vs_g1,g045_vs_g144,89,0.418722,0.7865,No significance,No significance,0.6,0.6136,0.00704,0.00291,0.01203,42.87,47.18,1 (1.1;0.98)
147,s__Bacteroides_eggerthii,g0_vs_g1,g045_vs_g144,89,0.42042,0.7865,No significance,No significance,0.2889,0.4091,0,0,0,43.13,46.91,1 (1;1)
148,s__Streptococcus_mutans,g0_vs_g1,g045_vs_g144,89,0.42609,0.791721283783784,No significance,No significance,0.1778,0.25,0,0,0,43.44,46.59,1 (1.1;0.97)
149,s__Actinomyces_odontolyticus,g0_vs_g1,g045_vs_g144,89,0.434415,0.796728382352941,No significance,No significance,0.3333,0.2727,0,0,0,46.73,43.23,0.96 (0.87;1)
150,s__Bifidobacterium_adolescentis,g0_vs_g1,g045_vs_g144,89,0.43632,0.796728382352941,No significance,No significance,0.2222,0.2955,0,0,0,43.37,46.67,1 (1;0.99)
151,s__Dorea_formicigenerans,g0_vs_g1,g045_vs_g144,89,0.445598,0.796728382352941,No significance,No significance,0.7111,0.8636,0.1491,0.1129,0.1542,42.93,47.11,1.1 (1.2;0.95)
152,s__Fusobacterium_varium,g0_vs_g1,g045_vs_g144,89,0.445805,0.796728382352941,No significance,No significance,0.2889,0.2273,0,0,0,46.6,43.36,0.98 (0.93;1)
153,s__Eubacterium_sp_CAG_274,g0_vs_g1,g045_vs_g144,89,0.446979,0.796728382352941,No significance,No significance,0.4444,0.4091,0,0,0,46.87,43.09,0.97 (0.9;1)
154,s__Sellimonas_intestinalis,g0_vs_g1,g045_vs_g144,89,0.452193,0.796728382352941,No significance,No significance,0.2889,0.2273,0,0,0,46.58,43.39,0.98 (0.93;1)
155,s__Bacteroides_sp_D2,g0_vs_g1,g045_vs_g144,89,0.453896,0.796728382352941,No significance,No significance,0.8444,0.7955,0.00533,0.00661,0.004625,47.03,42.92,0.98 (0.95;1)
156,s__Alistipes_shahii,g0_vs_g1,g045_vs_g144,89,0.454721,0.796728382352941,No significance,No significance,0.7111,0.8182,0.08062,0.08062,0.07001,42.98,47.07,1 (1;0.99)
157,s__Coprobacillus_cateniformis,g0_vs_g1,g045_vs_g144,89,0.457828,0.796728382352941,No significance,No significance,0.2889,0.3409,0,0,0,43.33,46.7,1 (1.1;0.97)
158,s__Streptococcus_thermophilus,g0_vs_g1,g045_vs_g144,89,0.465926,0.796728382352941,No significance,No significance,0.2889,0.3636,0,0,0,43.34,46.69,1 (1;0.99)
159,s__Pyramidobacter_piscolens,g0_vs_g1,g045_vs_g144,89,0.468387,0.796728382352941,No significance,No significance,0.2222,0.2955,0,0,0,43.48,46.56,1 (1;0.98)
160,s__Prevotella_corporis,g0_vs_g1,g045_vs_g144,89,0.469313,0.796728382352941,No significance,No significance,0.2,0.1364,0,0,0,46.29,43.68,0.99 (0.98;1)
161,s__Roseburia_intestinalis,g0_vs_g1,g045_vs_g144,89,0.469368,0.796728382352941,No significance,No significance,0.6889,0.8182,0.07992,0.05297,0.1165,43.04,47,1 (1;0.99)
162,s__Veillonella_parvula,g0_vs_g1,g045_vs_g144,89,0.470281,0.796728382352941,No significance,No significance,0.6444,0.5909,0.00185,0.00259,0.00175,46.91,43.05,0.99 (0.96;1)
163,s__Bacteroides_stercoris,g0_vs_g1,g045_vs_g144,89,0.472753,0.796728382352941,No significance,No significance,0.7111,0.8409,1.325,2.161,0.7759,46.94,43.01,1 (1;1)
164,s__Eubacterium_sp_CAG_38,g0_vs_g1,g045_vs_g144,89,0.486228,0.796728382352941,No significance,No significance,0.5778,0.6136,0.03465,0.02434,0.04672,46.83,43.12,1 (0.99;1)
165,s__Ileibacterium_valens,g0_vs_g1,g045_vs_g144,89,0.486517,0.796728382352941,No significance,No significance,0.1778,0.2273,0,0,0,43.67,46.36,1.1 (1.3;0.91)
166,s__Allisonella_histaminiformans,g0_vs_g1,g045_vs_g144,89,0.48856,0.796728382352941,No significance,No significance,0.2667,0.3636,0,0,0,43.44,46.59,1 (1;0.99)
167,s__Bifidobacterium_bifidum,g0_vs_g1,g045_vs_g144,89,0.4886,0.796728382352941,No significance,No significance,0.1556,0.2045,0,0,0,43.73,46.3,1 (1.1;0.96)
168,s__Roseburia_sp_CAG_471,g0_vs_g1,g045_vs_g144,89,0.49125,0.796728382352941,No significance,No significance,0.3778,0.4318,0,0,0,43.33,46.7,1 (1.1;0.98)
169,s__Streptococcus_pneumoniae,g0_vs_g1,g045_vs_g144,89,0.491363,0.796728382352941,No significance,No significance,0.2222,0.2727,0,0,0,43.58,46.45,1.1 (1.3;0.92)
170,s__Bacteroides_nordii,g0_vs_g1,g045_vs_g144,89,0.492523,0.796728382352941,No significance,No significance,0.7556,0.75,0.00516,0.00628,0.003955,46.86,43.1,0.99 (0.96;1)
171,s__Succinatimonas_hippei,g0_vs_g1,g045_vs_g144,89,0.495899,0.797498391812865,No significance,No significance,0.0889,0.1364,0,0,0,43.98,46.05,1 (0.99;1)
172,s__Streptococcus_infantis,g0_vs_g1,g045_vs_g144,89,0.502921,0.798791235632184,No significance,No significance,0.1556,0.2273,0,0,0,43.74,46.28,0.99 (0.98;1)
173,s__Streptococcus_sp_F0442,g0_vs_g1,g045_vs_g144,89,0.505119,0.798791235632184,No significance,No significance,0.2889,0.2273,0,0,0,46.4,43.57,0.97 (0.92;1)
174,s__Actinomyces_sp_HMSC035G02,g0_vs_g1,g045_vs_g144,89,0.505417,0.798791235632184,No significance,No significance,0.1333,0.0909,0,0,0,46,43.98,0.95 (0.85;1)
175,s__Veillonella_dispar,g0_vs_g1,g045_vs_g144,89,0.514935,0.809183571428571,No significance,No significance,0.4667,0.3864,0,0,0,46.6,43.36,0.98 (0.93;1)
176,s__Eisenbergiella_tayi,g0_vs_g1,g045_vs_g144,89,0.519868,0.811483050847458,No significance,No significance,0.2667,0.3182,0,0,0,43.59,46.44,1 (1.1;0.98)
177,s__Clostridiales_bacterium_1_7_47FAA,g0_vs_g1,g045_vs_g144,89,0.5223,0.811483050847458,No significance,No significance,0.2222,0.2955,0,0,0,43.66,46.38,1 (1;0.98)
178,s__Bacteroides_caccae,g0_vs_g1,g045_vs_g144,89,0.528451,0.816427106741573,No significance,No significance,0.7333,0.8636,0.5174,0.5469,0.5151,43.29,46.75,1 (1;0.99)
179,s__Lactobacillus_mucosae,g0_vs_g1,g045_vs_g144,89,0.532756,0.818479888268157,No significance,No significance,0.2889,0.2273,0,0,0,46.31,43.66,0.98 (0.94;1)
180,s__Bifidobacterium_moukalabense,g0_vs_g1,g045_vs_g144,89,0.544431,0.827830524861878,No significance,No significance,0.1333,0.0909,0,0,0,45.91,44.07,0.99 (0.98;1)
181,s__Parabacteroides_johnsonii,g0_vs_g1,g045_vs_g144,89,0.544863,0.827830524861878,No significance,No significance,0.4667,0.5682,0.00019,0,0.00036,43.44,46.59,1 (1;0.99)
182,s__Bifidobacterium_catenulatum,g0_vs_g1,g045_vs_g144,89,0.550665,0.830123529411765,No significance,No significance,0.5333,0.5,0.00027,0.00038,0.00013,46.53,43.43,0.98 (0.94;1)
183,s__Parabacteroides_merdae,g0_vs_g1,g045_vs_g144,89,0.559001,0.830123529411765,No significance,No significance,0.8,0.8409,0.2615,0.2535,0.3065,43.41,46.62,1 (1;0.99)
184,s__Holdemanella_biformis,g0_vs_g1,g045_vs_g144,89,0.559196,0.830123529411765,No significance,No significance,0.1778,0.25,0,0,0,43.86,46.17,1 (0.99;1)
185,s__Alistipes_putredinis,g0_vs_g1,g045_vs_g144,89,0.560864,0.830123529411765,No significance,No significance,0.6444,0.6818,0.8567,1.878,0.5048,46.56,43.41,0.99 (0.98;1)
186,s__Megasphaera_elsdenii,g0_vs_g1,g045_vs_g144,89,0.563054,0.830123529411765,No significance,No significance,0.2,0.2273,0,0,0,43.87,46.16,1.1 (1.2;0.95)
187,s__Pseudoflavonifractor_capillosus,g0_vs_g1,g045_vs_g144,89,0.564484,0.830123529411765,No significance,No significance,0.0889,0.1364,0,0,0,44.13,45.89,0.98 (0.93;1)
188,s__Megamonas_hypermegale,g0_vs_g1,g045_vs_g144,89,0.580125,0.84858710106383,No significance,No significance,0.5111,0.5227,0.00762,0.1089,0.007365,46.42,43.55,0.98 (0.95;1)
189,s__Ruminococcus_lactaris,g0_vs_g1,g045_vs_g144,89,0.589236,0.857353968253968,No significance,No significance,0.3778,0.3409,0,0,0,46.27,43.7,0.98 (0.96;1)
190,s__Butyricimonas_virosa,g0_vs_g1,g045_vs_g144,89,0.594508,0.860472105263158,No significance,No significance,0.7333,0.8182,0.07946,0.07735,0.08742,43.56,46.48,1 (1.1;0.98)
191,s__Butyricimonas_synergistica,g0_vs_g1,g045_vs_g144,89,0.600395,0.864443062827225,No significance,No significance,0.5778,0.5909,0.0015,0.00129,0.001625,46.38,43.59,0.98 (0.95;1)
192,s__Blautia_sp_CAG_257,g0_vs_g1,g045_vs_g144,89,0.60468,0.865554743589744,No significance,No significance,0.3111,0.25,0,0,0,46.12,43.85,0.98 (0.95;1)
193,s__Fretibacterium_fastidiosum,g0_vs_g1,g045_vs_g144,89,0.613544,0.865554743589744,No significance,No significance,0.1778,0.1364,0,0,0,45.88,44.1,0.94 (0.82;1.1)
194,s__Fusicatenibacter_saccharivorans,g0_vs_g1,g045_vs_g144,89,0.61366,0.865554743589744,No significance,No significance,0.8667,0.9545,0.4418,0.4101,0.476,43.62,46.41,1 (1.1;0.98)
195,s__Ruthenibacterium_lactatiformans,g0_vs_g1,g045_vs_g144,89,0.613757,0.865554743589744,No significance,No significance,0.9556,0.9318,0.05101,0.05552,0.04868,46.38,43.59,0.98 (0.93;1)
196,s__Bifidobacterium_pseudocatenulatum,g0_vs_g1,g045_vs_g144,89,0.622175,0.872597222222222,No significance,No significance,0.6222,0.6364,0.04947,0.05087,0.01929,46.31,43.66,0.99 (0.98;1)
197,s__Escherichia_coli,g0_vs_g1,g045_vs_g144,89,0.62524,0.872597222222222,No significance,No significance,0.9111,0.9091,0.2114,0.2114,0.2249,43.67,46.36,1 (1;0.99)
198,s__Eubacterium_dolichum_CAG_375,g0_vs_g1,g045_vs_g144,89,0.62827,0.872597222222222,No significance,No significance,0.2,0.1591,0,0,0,45.89,44.09,0.98 (0.95;1)
199,s__Bacteroides_pectinophilus,g0_vs_g1,g045_vs_g144,89,0.633192,0.874859405940594,No significance,No significance,0.2,0.25,0,0,0,44.04,45.98,1 (1;0.99)
200,s__Alistipes_onderdonkii,g0_vs_g1,g045_vs_g144,89,0.636994,0.874859405940594,No significance,No significance,0.2,0.1591,0,0,0,45.87,44.11,0.98 (0.94;1)
201,s__Parabacteroides_goldsteinii,g0_vs_g1,g045_vs_g144,89,0.641421,0.874859405940594,No significance,No significance,0.5556,0.5909,0.00315,0.00801,0.00288,46.22,43.75,0.99 (0.98;1)
202,s__Coprococcus_comes,g0_vs_g1,g045_vs_g144,89,0.642624,0.874859405940594,No significance,No significance,0.4667,0.5,0,0,0.005285,46.18,43.8,0.98 (0.94;1)
203,s__Streptococcus_salivarius_CAG_79,g0_vs_g1,g045_vs_g144,89,0.651347,0.88168963963964,No significance,No significance,0.8667,0.8636,0.0129,0.01419,0.01251,46.23,43.74,0.99 (0.98;1)
204,s__Blautia_hydrogenotrophica,g0_vs_g1,g045_vs_g144,89,0.660549,0.88168963963964,No significance,No significance,0.0889,0.1136,0,0,0,44.37,45.65,1.1 (1.2;0.95)
205,s__Pyramidobacter_sp_C12_8,g0_vs_g1,g045_vs_g144,89,0.661552,0.88168963963964,No significance,No significance,0.1111,0.1364,0,0,0,44.31,45.7,1 (1.1;0.96)
206,s__Streptococcus_sanguinis,g0_vs_g1,g045_vs_g144,89,0.671622,0.88168963963964,No significance,No significance,0.2667,0.3182,0,0,0,44.07,45.95,1 (1;1)
207,s__Bacteroides_stercorirosoris,g0_vs_g1,g045_vs_g144,89,0.671951,0.88168963963964,No significance,No significance,0.0889,0.1136,0,0,0,44.39,45.62,1 (1.1;0.96)
208,s__Bacteroides_caecimuris,g0_vs_g1,g045_vs_g144,89,0.67199,0.88168963963964,No significance,No significance,0.1111,0.1364,0,0,0,44.33,45.68,1 (1.1;0.97)
209,s__Streptococcus_sinensis,g0_vs_g1,g045_vs_g144,89,0.682492,0.88168963963964,No significance,No significance,0.1111,0.1364,0,0,0,44.36,45.66,1.1 (1.4;0.89)
210,s__Eubacterium_sp_OM08_24,g0_vs_g1,g045_vs_g144,89,0.682492,0.88168963963964,No significance,No significance,0.1111,0.1364,0,0,0,44.36,45.66,1 (1;0.99)
211,s__Campylobacter_hominis,g0_vs_g1,g045_vs_g144,89,0.683425,0.88168963963964,No significance,No significance,0.0889,0.1136,0,0,0,44.41,45.6,1 (1;0.99)
212,s__Bacteroides_fragilis,g0_vs_g1,g045_vs_g144,89,0.684863,0.88168963963964,No significance,No significance,0.6444,0.6818,0.04228,0.07572,0.03928,46.09,43.89,1 (0.99;1)
213,s__Bifidobacterium_longum,g0_vs_g1,g045_vs_g144,89,0.7003,0.88168963963964,No significance,No significance,0.6222,0.7045,0.03389,0.03194,0.04114,43.97,46.06,1 (1;0.99)
214,s__Veillonella_rogosae,g0_vs_g1,g045_vs_g144,89,0.701222,0.88168963963964,No significance,No significance,0.3333,0.2955,0,0,0,45.87,44.11,0.98 (0.93;1)
215,s__Coprobacter_secundus,g0_vs_g1,g045_vs_g144,89,0.703878,0.88168963963964,No significance,No significance,0.1778,0.2273,0,0,0,44.27,45.75,0.99 (0.97;1)
216,s__Anaerostipes_hadrus,g0_vs_g1,g045_vs_g144,89,0.705775,0.88168963963964,No significance,No significance,0.9333,0.9318,0.285,0.2501,0.2868,46.03,43.94,0.99 (0.97;1)
217,s__Eubacterium_ramulus,g0_vs_g1,g045_vs_g144,89,0.706109,0.88168963963964,No significance,No significance,0.6889,0.7727,0.04015,0.04735,0.03638,46.02,43.95,0.99 (0.98;1)
218,s__Parabacteroides_sp_426_9,g0_vs_g1,g045_vs_g144,89,0.706605,0.88168963963964,No significance,No significance,0.0889,0.1136,0,0,0,44.46,45.56,0.99 (0.98;1)
219,s__Klebsiella_michiganensis,g0_vs_g1,g045_vs_g144,89,0.706605,0.88168963963964,No significance,No significance,0.0889,0.1136,0,0,0,44.46,45.56,1 (1;0.98)
220,s__Gemella_sanguinis,g0_vs_g1,g045_vs_g144,89,0.71076,0.88168963963964,No significance,No significance,0.3556,0.4091,0,0,0,44.11,45.91,1 (1.1;0.98)
221,s__Megamonas_funiformis,g0_vs_g1,g045_vs_g144,89,0.711194,0.88168963963964,No significance,No significance,0.5111,0.5227,0.03717,0.248,0.02224,45.96,44.02,0.99 (0.97;1)
222,s__Actinomyces_sp_ICM47,g0_vs_g1,g045_vs_g144,89,0.711764,0.88168963963964,No significance,No significance,0.3556,0.2955,0,0,0,45.84,44.14,1 (1;1)
223,s__Oxalobacter_formigenes,g0_vs_g1,g045_vs_g144,89,0.729311,0.889409267241379,No significance,No significance,0.3333,0.3409,0,0,0,44.2,45.82,1 (1;0.99)
224,s__Lactobacillus_crispatus,g0_vs_g1,g045_vs_g144,89,0.730056,0.889409267241379,No significance,No significance,0.0889,0.1136,0,0,0,44.5,45.51,1 (1;0.99)
225,s__Bifidobacterium_dentium,g0_vs_g1,g045_vs_g144,89,0.731943,0.889409267241379,No significance,No significance,0.3333,0.3636,0,0,0,44.2,45.82,1 (1;0.99)
226,s__Dialister_sp_CAG_357,g0_vs_g1,g045_vs_g144,89,0.735891,0.889409267241379,No significance,No significance,0.1111,0.1364,0,0,0,44.47,45.55,1 (1;0.99)
227,s__Firmicutes_bacterium_CAG_170,g0_vs_g1,g045_vs_g144,89,0.735959,0.889409267241379,No significance,No significance,0.1111,0.0909,0,0,0,45.49,44.5,0.99 (0.96;1)
228,s__Odoribacter_splanchnicus,g0_vs_g1,g045_vs_g144,89,0.737438,0.889409267241379,No significance,No significance,0.6889,0.7955,0.2994,0.302,0.2326,44.09,45.93,1 (1;0.99)
229,s__Streptococcus_sp_A12,g0_vs_g1,g045_vs_g144,89,0.740973,0.889409267241379,No significance,No significance,0.2444,0.2727,0,0,0,44.3,45.72,1 (1.1;0.98)
230,s__Prevotella_bivia,g0_vs_g1,g045_vs_g144,89,0.747813,0.889409267241379,No significance,No significance,0.1111,0.0909,0,0,0,45.47,44.52,0.98 (0.94;1)
231,s__Prevotella_disiens,g0_vs_g1,g045_vs_g144,89,0.748504,0.889409267241379,No significance,No significance,0.1333,0.1591,0,0,0,44.46,45.56,1 (1;0.99)
232,s__Bacteroides_massiliensis,g0_vs_g1,g045_vs_g144,89,0.750338,0.889409267241379,No significance,No significance,0.4444,0.5227,0,0,0.002175,44.19,45.83,1 (1;0.99)
233,s__Actinomyces_sp_S6_Spd3,g0_vs_g1,g045_vs_g144,89,0.759726,0.892840384615385,No significance,No significance,0.1111,0.0909,0,0,0,45.44,44.55,0.97 (0.9;1)
234,s__Mogibacterium_diversum,g0_vs_g1,g045_vs_g144,89,0.759726,0.892840384615385,No significance,No significance,0.1111,0.0909,0,0,0,45.44,44.55,0.99 (0.97;1)
235,s__Firmicutes_bacterium_CAG_110,g0_vs_g1,g045_vs_g144,89,0.777064,0.901211514522821,No significance,No significance,0.1556,0.1818,0,0,0,44.49,45.52,1 (1;1)
236,s__Victivallis_vadensis,g0_vs_g1,g045_vs_g144,89,0.779066,0.901211514522821,No significance,No significance,0.1333,0.1591,0,0,0,44.52,45.49,0.99 (0.98;1)
237,s__Bacteroides_coprophilus,g0_vs_g1,g045_vs_g144,89,0.779565,0.901211514522821,No significance,No significance,0.1111,0.1364,0,0,0,44.56,45.45,1 (0.99;1)
238,s__Dialister_invisus,g0_vs_g1,g045_vs_g144,89,0.783722,0.901211514522821,No significance,No significance,0.1111,0.0909,0,0,0,45.4,44.59,1 (1;1)
239,s__Bacteroides_faecis,g0_vs_g1,g045_vs_g144,89,0.785424,0.901211514522821,No significance,No significance,0.4,0.3636,0,0,0,45.66,44.33,0.99 (0.97;1)
240,s__Acidaminococcus_sp_CAG_542,g0_vs_g1,g045_vs_g144,89,0.786727,0.901211514522821,No significance,No significance,0.1556,0.1818,0,0,0,44.51,45.5,1 (1;1)
241,s__Ruminococcaceae_bacterium_D16,g0_vs_g1,g045_vs_g144,89,0.789789,0.901211514522821,No significance,No significance,0.2667,0.25,0,0,0,45.57,44.42,0.98 (0.95;1)
242,s__Streptococcus_vestibularis,g0_vs_g1,g045_vs_g144,89,0.793817,0.902064772727273,No significance,No significance,0.5111,0.5227,4e-04,4e-04,0.000615,44.32,45.69,1 (1;0.99)
243,s__Faecalitalea_cylindroides,g0_vs_g1,g045_vs_g144,89,0.804801,0.908687551020408,No significance,No significance,0.1556,0.1364,0,0,0,45.42,44.57,0.99 (0.98;1)
244,s__Paraprevotella_clara,g0_vs_g1,g045_vs_g144,89,0.807362,0.908687551020408,No significance,No significance,0.2222,0.2727,0,0,0,44.49,45.52,0.99 (0.98;1)
245,s__Bacteroides_intestinalis,g0_vs_g1,g045_vs_g144,89,0.809558,0.908687551020408,No significance,No significance,0.6667,0.75,0.00929,0.00622,0.00958,44.34,45.67,1 (1;0.99)
246,s__Streptococcus_viridans,g0_vs_g1,g045_vs_g144,89,0.815909,0.909512955465587,No significance,No significance,0.1556,0.1818,0,0,0,44.58,45.43,1 (0.99;1)
247,s__Lactobacillus_salivarius,g0_vs_g1,g045_vs_g144,89,0.816908,0.909512955465587,No significance,No significance,0.2222,0.25,0,0,0,44.52,45.49,1 (0.99;1)
248,s__Clostridium_saccharolyticum,g0_vs_g1,g045_vs_g144,89,0.825483,0.91246656626506,No significance,No significance,0.2222,0.25,0,0,0,44.54,45.47,0.99 (0.98;1)
249,s__Eubacterium_sulci,g0_vs_g1,g045_vs_g144,89,0.826197,0.91246656626506,No significance,No significance,0.1111,0.0909,0,0,0,45.32,44.67,1 (1.1;0.98)
250,s__Phyllobacterium_myrsinacearum,g0_vs_g1,g045_vs_g144,89,0.848212,0.933028984063745,No significance,No significance,0.2,0.1818,0,0,0,45.37,44.62,0.98 (0.94;1)
251,s__Eubacterium_limosum,g0_vs_g1,g045_vs_g144,89,0.851601,0.933028984063745,No significance,No significance,0.1111,0.1136,0,0,0,44.71,45.3,1.1 (1.2;0.94)
252,s__Streptococcus_salivarius,g0_vs_g1,g045_vs_g144,89,0.859922,0.938406944444444,No significance,No significance,0.9333,0.9091,0.03027,0.0313,0.02477,45.49,44.5,0.99 (0.98;1)
253,s__Paraprevotella_xylaniphila,g0_vs_g1,g045_vs_g144,89,0.866605,0.941961956521739,No significance,No significance,0.2222,0.2727,0,0,0,44.64,45.36,0.98 (0.95;1)
254,s__Dielma_fastidiosa,g0_vs_g1,g045_vs_g144,89,0.872106,0.944209251968504,No significance,No significance,0.3556,0.3864,0,0,0,45.39,44.6,0.98 (0.93;1)
255,s__Faecalibacterium_prausnitzii,g0_vs_g1,g045_vs_g144,89,0.879317,0.948283039215686,No significance,No significance,0.9556,0.9091,3.263,3.07,3.514,44.58,45.43,1 (1;0.99)
256,s__Agathobaculum_butyriciproducens,g0_vs_g1,g045_vs_g144,89,0.885731,0.95146884765625,No significance,No significance,0.8667,0.9091,0.1736,0.2006,0.1646,45.4,44.59,1 (1;1)
257,s__Cloacibacillus_porcorum,g0_vs_g1,g045_vs_g144,89,0.893012,0.955557587548638,No significance,No significance,0.2,0.2045,0,0,0,44.73,45.27,1 (1.1;0.98)
258,s__Fusobacterium_mortiferum,g0_vs_g1,g045_vs_g144,89,0.900738,0.960088953488372,No significance,No significance,0.4,0.4091,0,0,0,44.69,45.32,1 (1;1)
259,s__Megamonas_funiformis_CAG_377,g0_vs_g1,g045_vs_g144,89,0.913283,0.969702027027027,No significance,No significance,0.5111,0.5227,0.02186,0.05025,0.01288,45.29,44.7,0.99 (0.98;1)
260,s__Eisenbergiella_massiliensis,g0_vs_g1,g045_vs_g144,89,0.922692,0.972006393129771,No significance,No significance,0.2889,0.2955,0,0,0,44.78,45.23,1 (1;0.99)
261,s__Bacteroides_coprocola,g0_vs_g1,g045_vs_g144,89,0.925759,0.972006393129771,No significance,No significance,0.2667,0.2955,0,0,0,44.79,45.22,1 (0.99;1)
262,s__Streptococcus_oralis,g0_vs_g1,g045_vs_g144,89,0.926057,0.972006393129771,No significance,No significance,0.4889,0.4773,0,0,0,45.24,44.75,1 (0.99;1)
263,s__Clostridium_methylpentosum,g0_vs_g1,g045_vs_g144,89,0.933901,0.973330208333333,No significance,No significance,0.1333,0.1364,0,0,0,44.86,45.15,1 (1;0.98)
264,s__Prevotella_timonensis,g0_vs_g1,g045_vs_g144,89,0.934397,0.973330208333333,No significance,No significance,0.1111,0.1136,0,0,0,44.87,45.14,0.97 (0.92;1)
265,s__Peptostreptococcus_stomatis,g0_vs_g1,g045_vs_g144,89,0.946305,0.982014622641509,No significance,No significance,0.1111,0.1136,0,0,0,44.89,45.11,1 (1.1;0.97)
266,s__Collinsella_intestinalis,g0_vs_g1,g045_vs_g144,89,0.949991,0.982133552631579,No significance,No significance,0.3333,0.3636,0,0,0,45.16,44.84,0.97 (0.91;1)
267,s__Haemophilus_sp_HMSC71H05,g0_vs_g1,g045_vs_g144,89,0.963544,0.984853425925926,No significance,No significance,0.6889,0.7273,0.0043,0.0043,0.00406,45.13,44.86,1 (1;1)
268,s__Absiella_dolichum,g0_vs_g1,g045_vs_g144,89,0.963851,0.984853425925926,No significance,No significance,0.1556,0.1591,0,0,0,44.91,45.09,0.99 (0.98;1)
269,s__Bacteroides_faecis_CAG_32,g0_vs_g1,g045_vs_g144,89,0.966577,0.984853425925926,No significance,No significance,0.3778,0.4091,0,0,0,45.11,44.89,0.99 (0.97;1)
270,s__Haemophilus_parainfluenzae,g0_vs_g1,g045_vs_g144,89,0.966947,0.984853425925926,No significance,No significance,0.7556,0.7045,0.00965,0.00916,0.01162,45.12,44.88,1 (1;1)
271,s__Cloacibacillus_evryensis,g0_vs_g1,g045_vs_g144,89,0.972433,0.986786254612546,No significance,No significance,0.1333,0.1364,0,0,0,44.93,45.07,1 (1.1;0.98)
272,s__Bilophila_wadsworthia,g0_vs_g1,g045_vs_g144,89,0.980356,0.989284798534799,No significance,No significance,0.9333,0.9318,0.05233,0.05427,0.04956,44.92,45.08,1 (1;1)
273,s__Phascolarctobacterium_sp_CAG_266,g0_vs_g1,g045_vs_g144,89,0.98209,0.989284798534799,No significance,No significance,0.1111,0.1136,0,0,0,44.96,45.05,1 (0.99;1)
274,s__Bacteroides_cellulosilyticus,g0_vs_g1,g045_vs_g144,89,0.990081,0.993694434306569,No significance,No significance,0.6889,0.7727,0.04233,0.04927,0.04032,45.04,44.95,1 (1;1)
275,s__Streptococcus_gordonii,g0_vs_g1,g045_vs_g144,89,1,1,No significance,No significance,0.2889,0.2955,0,0,0,44.99,45.01,1 (0.99;1)
